[
{ 
    "_id" : ObjectId("5a8245999f63531c3ce288ba"), 
    "userId" : ObjectId("5a777f0a75f64a1698221d98"), 
    "transactionDate" : ISODate("2018-05-14T00:00:00.000+0000"), 
    "transactionType" : "Opening Balance", 
    "description" : "Equity Line Initial Opening Balance", 
    "charge" : 12378.0, 
    "deposit" : 0.0, 
    "notes" : "", 
    "createdOn" : ISODate("2018-05-14T00:00:00.000+0000")
},
{ 
    "_id" : ObjectId("5a8245999f63531c3ce288bb"), 
    "userId" : ObjectId("5a777f0a75f64a1698221d98"), 
    "transactionDate" : ISODate("2018-05-15T00:00:00.000+0000"), 
    "transactionType" : "Credit Card", 
    "description" : "Amazon - Whey Protien", 
    "charge" : 23.45, 
    "deposit" : 0.0, 
    "notes" : "", 
    "createdOn" : ISODate("2018-05-15T00:00:00.000+0000")
},
{ 
    "_id" : ObjectId("5a8245999f63531c3ce288bc"), 
    "userId" : ObjectId("5a777f0a75f64a1698221d98"), 
    "transactionDate" : ISODate("2018-05-15T00:00:00.000+0000"), 
    "transactionType" : "Reward", 
    "description" : "New account first charge reward deposit", 
    "charge" : 0.0, 
    "deposit" : 100.0, 
    "notes" : "", 
    "createdOn" : ISODate("2018-05-15T00:00:00.000+0000")
},
{ 
    "_id" : ObjectId("5a8245999f63531c3ce288bd"), 
    "userId" : ObjectId("5a777f0a75f64a1698221d98"), 
    "transactionDate" : ISODate("2018-05-15T00:00:00.000+0000"), 
    "transactionType" : "Credit Card", 
    "description" : "Tex-mex lunch", 
    "charge" : 12.33, 
    "deposit" : 0.0, 
    "notes" : "", 
    "createdOn" : ISODate("0018-05-15T00:00:00.000+0000")
},
{ 
    "_id" : ObjectId("5a8245999f63531c3ce288be"), 
    "userId" : ObjectId("5a777f0a75f64a1698221d98"), 
    "transactionDate" : ISODate("2018-05-15T00:00:00.000+0000"), 
    "transactionType" : "Deposit", 
    "description" : "May 15 Payroll Deposit", 
    "charge" : 0.0, 
    "deposit" : 1000.0, 
    "notes" : "", 
    "createdOn" : ISODate("2018-05-15T00:00:00.000+0000")
},
{ 
    "_id" : ObjectId("5a8245999f63531c3ce288bf"), 
    "userId" : ObjectId("5a777f0a75f64a1698221d98"), 
    "transactionDate" : ISODate("2018-05-16T00:00:00.000+0000"), 
    "transactionType" : "Credit Card", 
    "description" : "Quick Trip - gas and car wash", 
    "charge" : 38.12, 
    "deposit" : 0.0, 
    "notes" : "Gas for the Acura. Got a car wash too.", 
    "createdOn" : ISODate("2018-05-16T00:00:00.000+0000")
},
{ 
    "_id" : ObjectId("5a8245999f63531c3ce288c0"), 
    "userId" : ObjectId("5a777f0a75f64a1698221d98"), 
    "transactionDate" : ISODate("2018-05-16T00:00:00.000+0000"), 
    "transactionType" : "Credit Card", 
    "description" : "Optics World - Vortex Scope", 
    "charge" : 833.0, 
    "deposit" : 0.0, 
    "notes" : "My wife is going to kill me when she see this!", 
    "createdOn" : ISODate("2018-05-16T00:00:00.000+0000")
},
{ 
    "_id" : ObjectId("5a8245999f63531c3ce288c1"), 
    "userId" : ObjectId("5a777f0a75f64a1698221d98"), 
    "transactionDate" : ISODate("2018-05-16T00:00:00.000+0000"), 
    "transactionType" : "Credit Card", 
    "description" : "Super Fresh Deli", 
    "charge" : 11.5, 
    "deposit" : 0.0, 
    "notes" : "Lunch with David, Doug and Aaron", 
    "createdOn" : ISODate("2018-05-16T00:00:00.000+0000")
},
{ 
    "_id" : ObjectId("5a8245999f63531c3ce288c2"), 
    "userId" : ObjectId("5a777f0a75f64a1698221d98"), 
    "transactionDate" : ISODate("2018-05-17T00:00:00.000+0000"), 
    "transactionType" : "Debit Card", 
    "description" : "Hy-vee - weekly groceries", 
    "charge" : 98.56, 
    "deposit" : 0.0, 
    "notes" : "", 
    "createdOn" : ISODate("2018-05-17T00:00:00.000+0000")
},
{ 
    "_id" : ObjectId("5a8245999f63531c3ce288c3"), 
    "userId" : ObjectId("5a777f0a75f64a1698221d98"), 
    "transactionDate" : ISODate("2018-05-18T00:00:00.000+0000"), 
    "transactionType" : "Credit Card", 
    "description" : "Netflix", 
    "charge" : 10.99, 
    "deposit" : 0.0, 
    "notes" : "", 
    "createdOn" : ISODate("2018-05-18T00:00:00.000+0000")
},
{ 
    "_id" : ObjectId("5a8245999f63531c3ce288c4"), 
    "userId" : ObjectId("5a777f0a75f64a1698221d98"), 
    "transactionDate" : ISODate("2018-05-18T00:00:00.000+0000"), 
    "transactionType" : "Credit Card", 
    "description" : "Joe's KC BBQ", 
    "charge" : 12.38, 
    "deposit" : 0.0, 
    "notes" : "Oh man, you talk about some good BBQ for lunch!", 
    "createdOn" : ISODate("2018-05-18T00:00:00.000+0000")
},
{ 
    "_id" : ObjectId("5a8245999f63531c3ce288c5"), 
    "userId" : ObjectId("5a777f0a75f64a1698221d98"), 
    "transactionDate" : ISODate("2018-05-19T00:00:00.000+0000"), 
    "transactionType" : "Credit Card", 
    "description" : "Cell phone bill - paid online", 
    "charge" : 77.0, 
    "deposit" : 0.0, 
    "notes" : "", 
    "createdOn" : ISODate("2018-05-19T00:00:00.000+0000")
},
{ 
    "_id" : ObjectId("5a8245999f63531c3ce288c6"), 
    "userId" : ObjectId("5a777f0a75f64a1698221d98"), 
    "transactionDate" : ISODate("2018-05-20T00:00:00.000+0000"), 
    "transactionType" : "Check", 
    "description" : "Storage unit rental payment for May", 
    "charge" : 69.99, 
    "deposit" : 0.0, 
    "notes" : "check #1002", 
    "createdOn" : ISODate("2018-05-20T00:00:00.000+0000")
},
{ 
    "_id" : ObjectId("5a8245999f63531c3ce288c7"), 
    "userId" : ObjectId("5a777f0a75f64a1698221d98"), 
    "transactionDate" : ISODate("2018-05-21T00:00:00.000+0000"), 
    "transactionType" : "Credit Card", 
    "description" : "Zips Gas Mart", 
    "charge" : 23.0, 
    "deposit" : 0.0, 
    "notes" : "", 
    "createdOn" : ISODate("2018-05-21T00:00:00.000+0000")
},
{ 
    "_id" : ObjectId("5a8245999f63531c3ce288c8"), 
    "userId" : ObjectId("5a777f0a75f64a1698221d98"), 
    "transactionDate" : ISODate("2018-05-22T00:00:00.000+0000"), 
    "transactionType" : "Credit Card", 
    "description" : "Tex-mex lunch", 
    "charge" : 7.58, 
    "deposit" : 0.0, 
    "notes" : "", 
    "createdOn" : ISODate("2018-05-22T00:00:00.000+0000")
},
{ 
    "_id" : ObjectId("5a8245999f63531c3ce288c9"), 
    "userId" : ObjectId("5a777f0a75f64a1698221d98"), 
    "transactionDate" : ISODate("2018-05-23T00:00:00.000+0000"), 
    "transactionType" : "Credit Card", 
    "description" : "Sprouts Farmers Market", 
    "charge" : 33.38, 
    "deposit" : 0.0, 
    "notes" : "Vitamins, healthy snacks, Stevia cola", 
    "createdOn" : ISODate("2018-05-23T00:00:00.000+0000")
},
{ 
    "_id" : ObjectId("5a8245999f63531c3ce288ca"), 
    "userId" : ObjectId("5a777f0a75f64a1698221d98"), 
    "transactionDate" : ISODate("2018-05-24T00:00:00.000+0000"), 
    "transactionType" : "Credit Card", 
    "description" : "Amazon - LED flashlight", 
    "charge" : 49.78, 
    "deposit" : 0.0, 
    "notes" : "", 
    "createdOn" : ISODate("2018-05-24T00:00:00.000+0000")
},
{ 
    "_id" : ObjectId("5a8245999f63531c3ce288cb"), 
    "userId" : ObjectId("5a777f0a75f64a1698221d98"), 
    "transactionDate" : ISODate("2018-05-26T00:00:00.000+0000"), 
    "transactionType" : "Debit Card", 
    "description" : "AMC Theater - movie", 
    "charge" : 22.58, 
    "deposit" : 0.0, 
    "notes" : "", 
    "createdOn" : ISODate("2018-05-26T00:00:00.000+0000")
},
{ 
    "_id" : ObjectId("5a8245999f63531c3ce288cc"), 
    "userId" : ObjectId("5a777f0a75f64a1698221d98"), 
    "transactionDate" : ISODate("2018-05-28T00:00:00.000+0000"), 
    "transactionType" : "Credit Card", 
    "description" : "High Speed Internet - Automatic Payment", 
    "charge" : 70.0, 
    "deposit" : 0.0, 
    "notes" : "", 
    "createdOn" : ISODate("2018-05-28T00:00:00.000+0000")
},
{ 
    "_id" : ObjectId("5a839801456678386c2e4bb3"), 
    "charge" : 12.34, 
    "deposit" : NumberInt(0), 
    "notes" : "No notes, but - I guess there are notes now that I've entered them!", 
    "createdOn" : ISODate("2018-02-14T01:59:29.014+0000"), 
    "transactionDate" : ISODate("2018-02-13T00:00:00.000+0000"), 
    "transactionType" : "Credit Card", 
    "description" : "Test", 
    "__v" : NumberInt(0)
},
{ 
    "_id" : ObjectId("5a843a28456678386c2e4bb4"), 
    "charge" : 23.45, 
    "deposit" : null, 
    "notes" : "just a test", 
    "createdOn" : ISODate("2018-02-14T13:31:20.298+0000"), 
    "transactionDate" : ISODate("2018-06-06T00:00:00.000+0000"), 
    "transactionType" : "Credit Card", 
    "description" : "Another test", 
    "__v" : NumberInt(0)
},
{ 
    "_id" : ObjectId("5a8245999f63531c3ce288cd"), 
    "userId" : ObjectId("5a777f0a75f64a1698221d98"), 
    "transactionDate" : ISODate("2018-05-29T00:00:00.000+0000"), 
    "transactionType" : "Deposit", 
    "description" : "Amazon refund", 
    "charge" : 0.0, 
    "deposit" : 49.78, 
    "notes" : "wrong product was oredered. Sent it back for refund", 
    "createdOn" : ISODate("2018-05-29T00:00:00.000+0000")
},
{ 
    "_id" : ObjectId("5a8245999f63531c3ce288ce"), 
    "userId" : ObjectId("5a777f0a75f64a1698221d98"), 
    "transactionDate" : ISODate("2018-05-24T00:00:00.000+0000"), 
    "transactionType" : "Credit Card", 
    "description" : "Amazon - Olight LED flashlight", 
    "charge" : 59.83, 
    "deposit" : 0.0, 
    "notes" : "", 
    "createdOn" : ISODate("2018-05-24T00:00:00.000+0000")
},
{ 
    "_id" : ObjectId("5a8245999f63531c3ce288cf"), 
    "userId" : ObjectId("5a777f0a75f64a1698221d98"), 
    "transactionDate" : ISODate("2018-06-01T00:00:00.000+0000"), 
    "transactionType" : "Deposit", 
    "description" : "June 1 Payroll Deposit", 
    "charge" : NumberInt(0), 
    "deposit" : 1000.0, 
    "notes" : "", 
    "createdOn" : ISODate("2018-06-01T00:00:00.000+0000")
},
{ 
    "_id" : ObjectId("5a8245999f63531c3ce288d0"), 
    "userId" : ObjectId("5a777f0a75f64a1698221d98"), 
    "transactionDate" : ISODate("2018-06-03T00:00:00.000+0000"), 
    "transactionType" : "Check", 
    "description" : "Church offering", 
    "charge" : 100.0, 
    "deposit" : 0.0, 
    "notes" : "check #1003", 
    "createdOn" : ISODate("2018-06-03T00:00:00.000+0000")
},
{ 
    "_id" : ObjectId("5a8245999f63531c3ce288d1"), 
    "userId" : ObjectId("5a777f0a75f64a1698221d98"), 
    "transactionDate" : ISODate("2018-06-04T00:00:00.000+0000"), 
    "transactionType" : "Credit Card", 
    "description" : "Super Fresh Deli", 
    "charge" : 9.5, 
    "deposit" : 0.0, 
    "notes" : "", 
    "createdOn" : ISODate("2018-06-04T00:00:00.000+0000")
}
]
